Scenario,Iteration,Agent Number,Targets Collected,Total Moves,Agent Happiness,Max Happiness,Min Happiness,Avg Happiness,Standard Deviation Happiness,Agent Competitiveness
1,8,1,3.0,1874.0,0.0016,0.009615384615384616,0.0,0.002404390742987617,0.0013476086282432625,0.1664
1,8,2,4.0,1874.0,0.0021333333333333334,0.125,0.0,0.008105926042838418,0.010434105759260846,0.017066666666666667
1,8,3,5.0,1874.0,0.0026666666666666666,0.03571428571428571,0.0,0.0028261715726665437,0.0035700127953212646,0.07466666666666667
1,8,4,2.0,1874.0,0.0010666666666666667,0.024390243902439025,0.0,0.002521981198000957,0.002785137882983287,0.04373333333333333
1,8,5,4.0,1874.0,0.0021333333333333334,0.047619047619047616,0.0,0.0048648373325552675,0.004643103341692657,0.044800000000000006
