Scenario,Iteration,Agent Number,Targets Collected,Total Moves,Agent Happiness,Max Happiness,Min Happiness,Avg Happiness,Standard Deviation Happiness,Agent Competitiveness
1,6,1,4.0,1324.0,0.0030188679245283017,0.01195219123505976,0.0,0.005054786830333404,0.0028198344565591844,0.25257861635220125
1,6,2,5.0,1324.0,0.0037735849056603774,0.01639344262295082,0.0,0.0054914606948665,0.003210314118643483,0.230188679245283
1,6,3,3.0,1324.0,0.0022641509433962265,0.010526315789473684,0.0,0.004250383396047915,0.002327501020175532,0.21509433962264152
1,6,4,4.0,1324.0,0.0030188679245283017,0.012658227848101266,0.0,0.0056823613026141355,0.0028241079271985577,0.23849056603773583
1,6,5,3.0,1324.0,0.0022641509433962265,0.004739336492890996,0.0,0.0018317929348516278,0.001340044522611733,0.47773584905660377
