Scenario,Iteration,Agent Number,Targets Collected,Total Moves,Agent Happiness,Max Happiness,Min Happiness,Avg Happiness,Standard Deviation Happiness,Agent Competitiveness
1,9,1,1.0,1040.0,0.0009606147934678194,0.004291845493562232,0.0,0.001441852214698439,0.001064650432923222,0.22382324687800192
1,9,2,1.0,1040.0,0.0009606147934678194,0.03571428571428571,0.0,0.0034944002026565018,0.004671951038431265,0.026897214217098946
1,9,3,4.0,1040.0,0.0038424591738712775,0.04,0.0,0.005330072613821647,0.00455740990955742,0.09606147934678194
1,9,4,5.0,1040.0,0.004803073967339097,0.006666666666666667,0.0,0.0025323196877277817,0.0014679761462503857,0.7204610951008645
1,9,5,3.0,1040.0,0.002881844380403458,0.09090909090909091,0.0,0.0057169806515297945,0.00809166135872993,0.031700288184438034
