Scenario,Iteration,Agent Number,Targets Collected,Total Moves,Agent Happiness,Max Happiness,Min Happiness,Avg Happiness,Standard Deviation Happiness,Agent Competitiveness
1,3,1,5.0,1593.0,0.003136762860727729,0.011764705882352941,0.0,0.0027204093608195487,0.0016334606466478665,0.266624843161857
1,3,2,3.0,1593.0,0.0018820577164366374,0.09090909090909091,0.0,0.006492320853542601,0.008720512077735219,0.02070263488080301
1,3,3,2.0,1593.0,0.0012547051442910915,0.125,0.0,0.0047009412070965,0.0083570669177495,0.010037641154328732
1,3,4,2.0,1593.0,0.0012547051442910915,0.009433962264150943,0.0,0.0025720039441263593,0.0015692011974758262,0.1329987452948557
1,3,5,4.0,1593.0,0.002509410288582183,0.004618937644341801,0.0,0.0022585687886059894,0.001364842306419655,0.5432873274780426
