Scenario,Iteration,Agent Number,Targets Collected,Total Moves,Agent Happiness,Max Happiness,Min Happiness,Avg Happiness,Standard Deviation Happiness,Agent Competitiveness
1,2,1,4.0,1305.0,0.0030627871362940277,0.01,0.0,0.004107621180048798,0.0019463173954943375,0.3062787136294028
1,2,2,5.0,1305.0,0.0038284839203675345,0.16666666666666666,0.0,0.011116670658047488,0.01605930504577233,0.022970903522205207
1,2,3,4.0,1305.0,0.0030627871362940277,0.007692307692307693,0.0,0.001867362542040385,0.0014733353649762782,0.3981623277182236
1,2,4,4.0,1305.0,0.0030627871362940277,0.08333333333333333,0.0,0.007628610720126313,0.006871350024353353,0.036753445635528334
1,2,5,4.0,1305.0,0.0030627871362940277,0.020618556701030927,0.0,0.00491336830056537,0.003388463407829176,0.14854517611026036
