Scenario,Iteration,Agent Number,Targets Collected,Total Moves,Agent Happiness,Max Happiness,Min Happiness,Avg Happiness,Standard Deviation Happiness,Agent Competitiveness
1,10,1,3.0,1279.0,0.00234375,0.007633587786259542,0.0,0.0021277865928552445,0.0014036405066068039,0.30703125
1,10,2,4.0,1279.0,0.003125,0.004914004914004914,0.0,0.0029456056206847137,0.0014009753585463066,0.6359375
1,10,3,5.0,1279.0,0.00390625,0.1,0.0,0.006668974224359434,0.0078094865073312725,0.0390625
1,10,4,2.0,1279.0,0.0015625,0.14285714285714285,0.0,0.005519652924646864,0.009898288273665916,0.010937500000000001
1,10,5,2.0,1279.0,0.0015625,0.012195121951219513,0.0,0.0029463962608885235,0.0018759913231066652,0.128125
