Scenario,Iteration,Agent Number,Targets Collected,Total Moves,Agent Happiness,Max Happiness,Min Happiness,Avg Happiness,Standard Deviation Happiness,Agent Competitiveness
1,1,1,2.0,909.0,0.002197802197802198,0.09090909090909091,0.0,0.005164909627650715,0.008818073257581882,0.024175824175824177
1,1,2,3.0,909.0,0.0032967032967032967,0.018518518518518517,0.0,0.006185172686486933,0.0036626015496136867,0.17802197802197803
1,1,3,5.0,909.0,0.005494505494505495,0.005494505494505495,0.0,0.0015687378533062765,0.001972553590930496,1.0
1,1,4,3.0,909.0,0.0032967032967032967,0.09090909090909091,0.0,0.009104273215631786,0.01258631741350721,0.03626373626373626
1,1,5,3.0,909.0,0.0032967032967032967,0.005016722408026756,0.0,0.0018480163549873412,0.0018120983399778892,0.6571428571428571
