Scenario,Iteration,Agent Number,Targets Collected,Total Moves,Agent Happiness,Max Happiness,Min Happiness,Avg Happiness,Standard Deviation Happiness,Agent Competitiveness
1,7,1,1.0,1519.0,0.0006578947368421052,0.0021929824561403508,0.0,0.000793547470452787,0.000618546690357063,0.3
1,7,2,4.0,1519.0,0.002631578947368421,0.0058309037900874635,0.0,0.003011311854685976,0.001467464736079885,0.4513157894736842
1,7,3,3.0,1519.0,0.001973684210526316,0.008130081300813009,0.0,0.0030737442698029038,0.002020950060662928,0.24276315789473682
1,7,4,3.0,1519.0,0.001973684210526316,0.003968253968253968,0.0,0.0019115259079186377,0.0009460821607450074,0.4973684210526316
1,7,5,5.0,1519.0,0.003289473684210526,0.003289473684210526,0.0,0.001102408124350982,0.0008380397043286559,1.0
