Scenario,Iteration,Agent Number,Targets Collected,Total Moves,Agent Happiness,Max Happiness,Min Happiness,Avg Happiness,Standard Deviation Happiness,Agent Competitiveness
1,1,1,1.0,1250.0,0.0007993605115907274,0.16666666666666666,0.0,0.004340784375234245,0.0112061020301856,0.004796163069544365
1,1,2,5.0,1250.0,0.003996802557953637,0.008438818565400843,0.0,0.0041357035203414255,0.002296271933887407,0.47362110311750605
1,1,3,3.0,1250.0,0.002398081534772182,0.01675977653631285,0.0,0.005040106390609006,0.003594064708054697,0.1430855315747402
1,1,4,3.0,1250.0,0.002398081534772182,0.037037037037037035,0.0,0.004500089530559731,0.00404307741238799,0.06474820143884892
1,1,5,2.0,1250.0,0.0015987210231814548,0.007352941176470588,0.0,0.00225308730161085,0.0013196262878092443,0.21742605915267785
