Scenario,Iteration,Agent Number,Targets Collected,Total Moves,Agent Happiness,Max Happiness,Min Happiness,Avg Happiness,Standard Deviation Happiness,Agent Competitiveness
1,4,1,3.0,1040.0,0.002881844380403458,0.00423728813559322,0.0,0.0020764110349298865,0.001213821838088338,0.6801152737752161
1,4,2,3.0,1040.0,0.002881844380403458,0.0036991368680641184,0.0,0.0011049618513338326,0.001322937213281671,0.7790585975024015
1,4,3,2.0,1040.0,0.0019212295869356388,0.0029239766081871343,0.0,0.0012174079696904466,0.0009283770701302195,0.6570605187319885
1,4,4,5.0,1040.0,0.004803073967339097,0.008620689655172414,0.0,0.0040934667766607865,0.001756269009074843,0.5571565802113353
1,4,5,4.0,1040.0,0.0038424591738712775,0.004024144869215292,0.0,0.001570269494684348,0.0014945346275321751,0.9548511047070124
