Scenario,Avg of i(Happiness), Avg of k(Competitiveness)

1,0.00395323415905,0.287690015527

2,0.01473153554,0.29509766122

3,0.0153987968,0.52022355688
